{
    "identityPoolName": "cognito82c87ba8_identitypool_82c87ba8",
    "allowUnauthenticatedIdentities": false,
    "lambdaLogPolicy": "cognito82c87ba8_lambda_log_policy",
    "openIdLambdaRoleName": "cognito82c87ba8_openid_lambda_role",
    "openIdRolePolicy": "cognito82c87ba8_openid_pass_role_policy",
    "openIdLambdaIAMPolicy": "cognito82c87ba8_openid_lambda_iam_policy",
    "openIdLogPolicy": "cognito82c87ba8_openid_lambda_log_policy",
    "userPoolName": "cognito82c87ba8_userpool_82c87ba8",
    "autoVerifiedAttributes": [
        "email"
    ],
    "mfaConfiguration": "OFF",
    "mfaTypes": [
        "SMS Text Message"
    ],
    "roleName": "cognito82c87ba8_sns-role",
    "roleExternalId": "cognito82c87ba8_role_external_id",
    "policyName": "cognito82c87ba8-sns-policy",
    "smsAuthenticationMessage": "Your authentication code is {####}",
    "smsVerificationMessage": "Your verification code is {####}",
    "emailVerificationSubject": "Your verification code",
    "emailVerificationMessage": "Your verification code is {####}",
    "defaultPasswordPolicy": false,
    "passwordPolicyMinLength": 8,
    "passwordPolicyCharacters": [
        "Requires Lowercase",
        "Requires Uppercase",
        "Requires Numbers",
        "Requires Symbols"
    ],
    "requiredAttributes": [
        "email"
    ],
    "userpoolClientName": "cognito82c87ba8_app_client",
    "userpoolClientGenerateSecret": true,
    "userpoolClientRefreshTokenValidity": 30,
    "userpoolClientWriteAttributes": [
        "email"
    ],
    "userpoolClientReadAttributes": [
        "email"
    ],
    "mfaLambdaRole": "cognito82c87ba8_totp_lambda_role",
    "mfaLambdaLogPolicy": "cognito82c87ba8_totp_lambda_log_policy",
    "mfaPassRolePolicy": "cognito82c87ba8_totp_pass_role_policy",
    "mfaLambdaIAMPolicy": "cognito82c87ba8_totp_lambda_iam_policy",
    "userpoolClientLambdaRole": "cognito82c87ba8_userpoolclient_lambda_role",
    "userpoolClientLogPolicy": "cognito82c87ba8_userpoolclient_lambda_log_policy",
    "userpoolClientLambdaPolicy": "cognito82c87ba8_userpoolclient_lambda_iam_policy",
    "userpoolClientSetAttributes": false,
    "resourceName": "cognito82c87ba8",
    "authSelections": "identityPoolAndUserPool",
    "authRoleName": {
        "Ref": "AuthRoleName"
    },
    "unauthRoleName": {
        "Ref": "UnauthRoleName"
    },
    "authRoleArn": {
        "Fn::GetAtt": [
            "AuthRole",
            "Arn"
        ]
    },
    "unauthRoleArn": {
        "Fn::GetAtt": [
            "UnauthRole",
            "Arn"
        ]
    },
    "useDefault": "default",
    "usernameAttributes": [
        "email"
    ]
}