{
	"AWSTemplateFormatVersion": "2010-09-09",
	"Description": "Lambda resource stack creation using Amplify CLI",
	"Parameters": {
		"env": {
			"Type": "String"
		},
		"storagecure8DynamoName": {
			"Type": "String",
			"Default": "storagecure8DynamoName"
		},
		"storagecure8DynamoArn": {
			"Type": "String",
			"Default": "storagecure8DynamoArn"
		},
		"storageUsersIDName": {
			"Type": "String",
			"Default": "storageUsersIDName"
		},
		"storageUsersIDArn": {
			"Type": "String",
			"Default": "storageUsersIDArn"
		},
		"storageUsersIDStreamArn": {
			"Type": "String",
			"Default": "storageUsersIDArn"
		}
	},
	"Conditions": {
		"ShouldNotCreateEnvResources": {
			"Fn::Equals": [
				{
					"Ref": "env"
				},
				"NONE"
			]
		}
	},
	"Resources": {
		"LambdaFunction": {
			"Type": "AWS::Lambda::Function",
			"Metadata": {
				"aws:asset:path": "./src",
				"aws:asset:property": "Code"
			},
			"Properties": {
				"Handler": "index.handler",
				"FunctionName": {
					"Fn::If": [
						"ShouldNotCreateEnvResources",
						"AddUser",
						{
							"Fn::Join": [
								"",
								[
									"AddUser",
									"-",
									{
										"Ref": "env"
									}
								]
							]
						}
					]
				},
				"Environment": {
					"Variables": {
						"ENV": {
							"Ref": "env"
						}
					}
				},
				"Role": {
					"Fn::GetAtt": [
						"LambdaExecutionRole",
						"Arn"
					]
				},
				"Runtime": "nodejs10.x",
				"Timeout": "25",
				"Code": {
					"S3Bucket": "cure8hybrid-20191106203250-deployment",
					"S3Key": "amplify-builds/cure8Lambda-63624139566d4a4d4b75-build.zip"
				}
			}
		},
		"LambdaExecutionRole": {
			"Type": "AWS::IAM::Role",
			"Properties": {
				"RoleName": {
					"Fn::If": [
						"ShouldNotCreateEnvResources",
						"cure8hybridLambdaRole3ac29edb",
						{
							"Fn::Join": [
								"",
								[
									"cure8hybridLambdaRole3ac29edb",
									"-",
									{
										"Ref": "env"
									}
								]
							]
						}
					]
				},
				"AssumeRolePolicyDocument": {
					"Version": "2012-10-17",
					"Statement": [
						{
							"Effect": "Allow",
							"Principal": {
								"Service": [
									"lambda.amazonaws.com"
								]
							},
							"Action": [
								"sts:AssumeRole"
							]
						}
					]
				}
			}
		},
		"lambdaexecutionpolicy": {
			"DependsOn": [
				"LambdaExecutionRole"
			],
			"Type": "AWS::IAM::Policy",
			"Properties": {
				"PolicyName": "lambda-execution-policy",
				"Roles": [
					{
						"Ref": "LambdaExecutionRole"
					}
				],
				"PolicyDocument": {
					"Version": "2012-10-17",
					"Statement": [
						{
							"Effect": "Allow",
							"Action": [
								"logs:CreateLogGroup",
								"logs:CreateLogStream",
								"logs:PutLogEvents"
							],
							"Resource": {
								"Fn::Sub": [
									"arn:aws:logs:${region}:${account}:log-group:/aws/lambda/${lambda}:log-stream:*",
									{
										"region": {
											"Ref": "AWS::Region"
										},
										"account": {
											"Ref": "AWS::AccountId"
										},
										"lambda": {
											"Ref": "LambdaFunction"
										}
									}
								]
							}
						},
						{
							"Effect": "Allow",
							"Action": [
								"dynamodb:GetItem",
								"dynamodb:Query",
								"dynamodb:Scan",
								"dynamodb:PutItem",
								"dynamodb:UpdateItem",
								"dynamodb:DeleteItem"
							],
							"Resource": [
								{
									"Ref": "storagecure8DynamoArn"
								}
							]
						}
					]
				}
			}
		},
		"UsersIDTriggerPolicy": {
			"DependsOn": [
				"LambdaExecutionRole"
			],
			"Type": "AWS::IAM::Policy",
			"Properties": {
				"PolicyName": "lambda-trigger-policy",
				"Roles": [
					{
						"Ref": "LambdaExecutionRole"
					}
				],
				"PolicyDocument": {
					"Version": "2012-10-17",
					"Statement": [
						{
							"Effect": "Allow",
							"Action": [
								"dynamodb:DescribeStream",
								"dynamodb:GetRecords",
								"dynamodb:GetShardIterator",
								"dynamodb:ListStreams"
							],
							"Resource": [
								{
									"Ref": "storageUsersIDStreamArn"
								}
							]
						}
					]
				}
			}
		},
		"UsersIDTrigger": {
			"Type": "AWS::Lambda::EventSourceMapping",
			"DependsOn": [
				"UsersIDTriggerPolicy"
			],
			"Properties": {
				"BatchSize": 100,
				"Enabled": true,
				"EventSourceArn": {
					"Ref": "storageUsersIDStreamArn"
				},
				"FunctionName": {
					"Fn::GetAtt": [
						"LambdaFunction",
						"Arn"
					]
				},
				"StartingPosition": "LATEST"
			}
		}
	},
	"Outputs": {
		"Name": {
			"Value": {
				"Ref": "LambdaFunction"
			}
		},
		"Arn": {
			"Value": {
				"Fn::GetAtt": [
					"LambdaFunction",
					"Arn"
				]
			}
		},
		"Region": {
			"Value": {
				"Ref": "AWS::Region"
			}
		}
	}
}