{
	"providers": {
		"awscloudformation": {
			"AuthRoleName": "amplify-cure8bulat-bulatdev-144200-authRole",
			"UnauthRoleArn": "arn:aws:iam::103831773854:role/amplify-cure8bulat-bulatdev-144200-unauthRole",
			"AuthRoleArn": "arn:aws:iam::103831773854:role/amplify-cure8bulat-bulatdev-144200-authRole",
			"Region": "us-east-2",
			"DeploymentBucketName": "amplify-cure8bulat-bulatdev-144200-deployment",
			"UnauthRoleName": "amplify-cure8bulat-bulatdev-144200-unauthRole",
			"StackName": "amplify-cure8bulat-bulatdev-144200",
			"StackId": "arn:aws:cloudformation:us-east-2:103831773854:stack/amplify-cure8bulat-bulatdev-144200/edd452d0-9a8e-11ea-8ab6-02c25da8714e",
			"AmplifyAppId": "d2nrnxpkamx98r"
		}
	},
	"auth": {
		"cure8bulatd5f05cf8": {
			"service": "Cognito",
			"providerPlugin": "awscloudformation",
			"dependsOn": [],
			"providerMetadata": {
				"s3TemplateURL": "https://s3.amazonaws.com/amplify-cure8bulat-bulatdev-144200-deployment/amplify-cfn-templates/auth/cure8bulatd5f05cf8-cloudformation-template.yml",
				"logicalId": "authcure8bulatd5f05cf8"
			},
			"lastPushTimeStamp": "2020-05-20T20:25:21.644Z",
			"output": {
				"AppClientSecret": "b402m2e8hmvmhcto1osrpr0n5l7hlsd6b2vcn4gbs67h2adistr",
				"UserPoolId": "us-east-2_iQRLHocbv",
				"AppClientIDWeb": "30iodqspi3o5v1jl6ejva9vtfg",
				"AppClientID": "2l70r4g4io00198doio9ki5jpi",
				"IdentityPoolId": "us-east-2:733585f4-8350-4cae-b4a6-5ce02d522c96",
				"IdentityPoolName": "cure8bulatd5f05cf8_identitypool_d5f05cf8__bulatdev",
				"UserPoolName": "cure8bulatd5f05cf8_userpool_d5f05cf8"
			},
			"lastPushDirHash": "MUNJtH566t93N+t/ayseQJzzcF4="
		}
	},
	"function": {
		"usersTableTrigger630a623c": {
			"service": "Lambda",
			"providerPlugin": "awscloudformation",
			"build": true,
			"dependsOn": [
				{
					"category": "storage",
					"resourceName": "usersTable",
					"attributes": [
						"Name",
						"Arn",
						"StreamArn"
					]
				}
			],
			"lastPushTimeStamp": "2020-05-20T20:25:21.655Z",
			"lastBuildTimeStamp": "2020-05-20T20:24:40.540Z",
			"lastPackageTimeStamp": "2020-05-20T20:24:40.571Z",
			"distZipFilename": "usersTableTrigger630a623c-495977516f4258313657-build.zip",
			"providerMetadata": {
				"s3TemplateURL": "https://s3.amazonaws.com/amplify-cure8bulat-bulatdev-144200-deployment/amplify-cfn-templates/function/usersTableTrigger630a623c-cloudformation-template.json",
				"logicalId": "functionusersTableTrigger630a623c"
			},
			"output": {
				"Region": "us-east-2",
				"Arn": "arn:aws:lambda:us-east-2:103831773854:function:usersTableTrigger630a623c-bulatdev",
				"Name": "usersTableTrigger630a623c-bulatdev",
				"LambdaExecutionRole": "usersTableLambdaRole630a623c-bulatdev"
			},
			"lastPushDirHash": "ejZDTkXZhg+wKWnBwSZRg2m9Z0g="
		}
	},
	"storage": {
		"usersTable": {
			"service": "DynamoDB",
			"providerPlugin": "awscloudformation",
			"providerMetadata": {
				"s3TemplateURL": "https://s3.amazonaws.com/amplify-cure8bulat-bulatdev-144200-deployment/amplify-cfn-templates/storage/usersTable-cloudformation-template.json",
				"logicalId": "storageusersTable"
			},
			"lastPushTimeStamp": "2020-05-20T20:25:21.652Z",
			"output": {
				"PartitionKeyName": "id",
				"Region": "us-east-2",
				"Arn": "arn:aws:dynamodb:us-east-2:103831773854:table/Users-bulatdev",
				"StreamArn": "arn:aws:dynamodb:us-east-2:103831773854:table/Users-bulatdev/stream/2020-05-20T14:27:30.308",
				"PartitionKeyType": "S",
				"Name": "Users-bulatdev"
			},
			"lastPushDirHash": "L6PYTpekRJhEEGSVXg8gUTYrVNo="
		}
	}
}