{
	"auth": {
		"cure8bulatd5f05cf8": {
			"service": "Cognito",
			"providerPlugin": "awscloudformation",
			"dependsOn": []
		}
	},
	"function": {
		"usersTableTrigger630a623c": {
			"service": "Lambda",
			"providerPlugin": "awscloudformation",
			"build": true,
			"dependsOn": [
				{
					"category": "storage",
					"resourceName": "usersTable",
					"attributes": [
						"Name",
						"Arn",
						"StreamArn"
					]
				}
			]
		}
	},
	"storage": {
		"usersTable": {
			"service": "DynamoDB",
			"providerPlugin": "awscloudformation"
		}
	}
}