{
	"auth": {
		"cognito82c87ba8": {
			"service": "Cognito",
			"providerPlugin": "awscloudformation"
		}
	},
	"api": {
		"cure8API": {
			"service": "AppSync",
			"providerPlugin": "awscloudformation",
			"output": {
				"securityType": "AMAZON_COGNITO_USER_POOLS"
			}
		}
	},
	"storage": {
		"cure8Dynamo": {
			"service": "DynamoDB",
			"providerPlugin": "awscloudformation"
		},
		"UsersID": {
			"service": "DynamoDB",
			"providerPlugin": "awscloudformation"
		},
		"dynamoLeagues": {
			"service": "DynamoDB",
			"providerPlugin": "awscloudformation"
		}
	},
	"function": {
		"cure8Lambda": {
			"service": "Lambda",
			"providerPlugin": "awscloudformation",
			"build": true,
			"dependsOn": [
				{
					"category": "storage",
					"resourceName": "cure8Dynamo",
					"attributes": [
						"Name",
						"Arn"
					]
				},
				{
					"category": "storage",
					"resourceName": "UsersID",
					"attributes": [
						"Name",
						"Arn",
						"StreamArn"
					]
				}
			]
		},
		"listFriends": {
			"service": "Lambda",
			"providerPlugin": "awscloudformation",
			"build": true,
			"dependsOn": [
				{
					"category": "storage",
					"resourceName": "cure8Dynamo",
					"attributes": [
						"Name",
						"Arn"
					]
				}
			]
		}
	}
}